﻿SN ,BUILDING CODE ,property Name ,Bldg No,ST.NO,ZONE.NO,ZONE NAME ,CITY NAME ,ownership No,ownership type ,PIN.NO,location 
1,B0010,Al Aziziya 1 (العزيزية 1),90,185,55,Al Aziziya,Al Rayyan,143021,Title Deed ,55104034,
2,B0010,Al Aziziya 1 (العزيزية 1),90,185,55,Al Aziziya,Al Rayyan,143021,Title Deed ,55104034,
3,B0010,Al Aziziya 1 (العزيزية 1),90,185,55,Al Aziziya,Al Rayyan,143021,Title Deed ,55104034,
4,B0010,Al Aziziya 1 (العزيزية 1),90,185,55,Al Aziziya,Al Rayyan,143021,Title Deed ,55104034,
5,B0010,Al Aziziya 1 (العزيزية 1),90,185,55,Al Aziziya,Al Rayyan,143021,Title Deed ,55104034,
6,B0010,Al Aziziya 1 (العزيزية 1),90,185,55,Al Aziziya,Al Rayyan,143021,Title Deed ,55104034,
